trade_date,ts_code,direction,volume,price,amount,commission,realized_pnl,reason
2015-05-04,IC1505.CFE,BUY,5,8370.2,8370200.0,1925.146,0.0,STRATEGY
2015-05-07,IC1505.CFE,BUY,1,8020.0,1604000.0,368.92,0.0,STRATEGY
2015-05-11,IC1505.CFE,SELL,1,8170.0,1634000.0,375.82,-28366.666666666788,STRATEGY
2015-05-12,IC1505.CFE,SELL,5,8499.6,8499600.0,1954.9080000000001,187766.66666666642,STRATEGY
2015-05-12,IC1506.CFE,BUY,6,8394.0,10072800.0,2316.744,0.0,STRATEGY
2015-05-22,IC1506.CFE,SELL,1,9783.0,1956600.0,450.01800000000003,277800.0,STRATEGY
2015-05-25,IC1506.CFE,BUY,1,9610.0,1922000.0,442.06,0.0,STRATEGY
2015-05-27,IC1506.CFE,SELL,1,10598.4,2119680.0,487.5264,400346.66666666674,STRATEGY
2015-05-28,IC1506.CFE,BUY,1,10580.0,2116000.0,486.68,0.0,STRATEGY
2015-06-02,IC1506.CFE,SELL,1,11058.0,2211600.0,508.668,426155.55555555585,STRATEGY
2015-06-03,IC1506.CFE,BUY,1,11281.2,2256240.0,518.9352,0.0,STRATEGY
2015-06-05,IC1506.CFE,SELL,1,10900.0,2180000.0,501.40000000000003,316089.6296296298,STRATEGY
2015-06-08,IC1506.CFE,BUY,1,10840.0,2168000.0,498.64000000000004,0.0,STRATEGY
2015-06-12,IC1506.CFE,SELL,1,11293.0,2258600.0,519.4780000000001,344008.02469135815,STRATEGY
2015-06-15,IC1506.CFE,BUY,1,11461.4,2292280.0,527.2244000000001,0.0,STRATEGY
2015-06-16,IC1506.CFE,SELL,6,11238.0,13485600.0,3101.688,1620360.1234567913,STRATEGY
2015-06-16,IC1507.CFE,BUY,6,11172.0,13406400.0,3083.472,0.0,STRATEGY
2015-06-25,IC1507.CFE,SELL,1,10101.0,2020200.0,464.646,-214200.0,STRATEGY
2015-06-26,IC1507.CFE,BUY,1,9380.0,1876000.0,431.48,0.0,STRATEGY
2015-07-06,IC1507.CFE,SELL,1,8167.2,1633440.0,375.69120000000004,-541226.6666666669,STRATEGY
2015-07-07,IC1507.CFE,BUY,1,7303.6,1460720.0,335.9656,0.0,STRATEGY
2015-07-14,IC1507.CFE,SELL,6,7749.0,9298800.0,2138.724,-3035253.3333333335,STRATEGY
2015-07-14,IC1508.CFE,BUY,6,7598.0,9117600.0,2097.0480000000002,0.0,STRATEGY
2015-08-18,IC1508.CFE,SELL,6,8689.0,10426800.0,2398.164,1309200.0,STRATEGY
2015-08-18,IC1509.CFE,BUY,6,8383.0,10059600.0,2313.708,0.0,STRATEGY
2015-08-25,IC1509.CFE,BUY,1,6249.0,1249800.0,287.454,0.0,STRATEGY
2015-08-26,IC1509.CFE,SELL,1,5869.0,1173800.0,269.974,-441828.57142857136,STRATEGY
2015-09-02,IC1509.CFE,BUY,1,5277.4,1055480.0,242.7604,0.0,STRATEGY
2015-09-07,IC1509.CFE,SELL,1,5650.0,1130000.0,259.90000000000003,-405607.3469387757,STRATEGY
2015-09-15,IC1509.CFE,SELL,6,5749.6,6899520.000000001,1586.8896000000002,-2314124.0816326537,STRATEGY
2015-09-15,IC1510.CFE,BUY,7,5450.0,7630000.0,1754.9,0.0,STRATEGY
2015-10-08,IC1510.CFE,SELL,1,6220.0,1244000.0,286.12,154000.0,STRATEGY
2015-10-09,IC1510.CFE,BUY,1,6230.0,1246000.0,286.58,0.0,STRATEGY
2015-10-13,IC1510.CFE,SELL,7,6613.0,9258200.0,2129.386,1472199.9999999998,STRATEGY
2015-10-13,IC1511.CFE,BUY,7,6488.0,9083200.0,2089.136,0.0,STRATEGY
2015-11-17,IC1511.CFE,SELL,7,7660.0,10724000.0,2466.52,1640800.0,STRATEGY
2015-11-17,IC1512.CFE,BUY,7,7382.0,10334800.0,2377.004,0.0,STRATEGY
2015-12-15,IC1512.CFE,SELL,7,7403.0,10364200.0,2383.766,29400.0,STRATEGY
2015-12-15,IC1601.CFE,BUY,7,7160.2,10024280.0,2305.5844,0.0,STRATEGY
2016-01-05,IC1601.CFE,BUY,1,6650.0,1330000.0,305.90000000000003,0.0,STRATEGY
2016-01-06,IC1601.CFE,SELL,1,6749.0,1349800.0,310.454,-69485.00000000003,STRATEGY
2016-01-11,IC1601.CFE,BUY,1,6248.8,1249760.0,287.4448,0.0,STRATEGY
2016-01-12,IC1601.CFE,SELL,8,6040.2,9664320.0,2222.7936,-1520435.0000000005,STRATEGY
2016-01-12,IC1602.CFE,BUY,8,5800.0,9280000.0,2134.4,0.0,STRATEGY
2016-02-16,IC1602.CFE,SELL,8,5689.0,9102400.0,2093.552,-177600.0,STRATEGY
2016-02-16,IC1603.CFE,BUY,8,5528.0,8844800.0,2034.304,0.0,STRATEGY
2016-03-15,IC1603.CFE,SELL,8,5627.0,9003200.0,2070.736,158400.0,STRATEGY
2016-03-15,IC1604.CFE,BUY,8,5421.6,8674560.0,1995.1488000000002,0.0,STRATEGY
2016-04-12,IC1604.CFE,SELL,8,6230.0,9968000.0,2292.64,1293439.9999999995,STRATEGY
2016-04-12,IC1605.CFE,BUY,8,6075.2,9720320.0,2235.6736,0.0,STRATEGY
2016-04-22,IC1605.CFE,BUY,1,5741.0,1148200.0,264.086,0.0,STRATEGY
2016-04-25,IC1605.CFE,SELL,1,5808.8,1161760.0,267.20480000000003,-45853.333333333285,STRATEGY
2016-05-09,IC1605.CFE,BUY,1,5830.0,1166000.0,268.18,0.0,STRATEGY
2016-05-10,IC1605.CFE,SELL,1,5679.0,1135800.0,261.234,-67189.6296296296,STRATEGY
2016-05-12,IC1605.CFE,BUY,1,5600.0,1120000.0,257.6,0.0,STRATEGY
2016-05-13,IC1605.CFE,SELL,1,5649.0,1129800.0,259.854,-63968.559670781906,STRATEGY
2016-05-17,IC1605.CFE,SELL,8,5784.2,9254720.0,2128.5856,-295428.47736625554,STRATEGY
2016-05-17,IC1606.CFE,BUY,9,5605.8,10090440.0,2320.8012,0.0,STRATEGY
2016-06-14,IC1606.CFE,SELL,9,5740.0,10332000.0,2376.36,241559.99999999968,STRATEGY
2016-06-14,IC1607.CFE,BUY,9,5601.0,10081800.0,2318.814,0.0,STRATEGY
2016-07-12,IC1607.CFE,SELL,9,6261.2,11270160.0,2592.1368,1188359.9999999998,STRATEGY
2016-07-12,IC1608.CFE,BUY,9,6171.6,11108880.0,2555.0424000000003,0.0,STRATEGY
2016-08-16,IC1608.CFE,SELL,9,6425.0,11565000.0,2659.9500000000003,456119.99999999936,STRATEGY
2016-08-16,IC1609.CFE,BUY,9,6380.0,11484000.0,2641.32,0.0,STRATEGY
2016-09-12,IC1609.CFE,SELL,9,6340.0,11412000.0,2624.76,-72000.0,STRATEGY
2016-09-12,IC1610.CFE,BUY,9,6203.0,11165400.0,2568.042,0.0,STRATEGY
2016-10-18,IC1610.CFE,SELL,9,6419.4,11554920.0,2657.6316,389519.99999999936,STRATEGY
2016-10-18,IC1611.CFE,BUY,9,6324.4,11383920.0,2618.3016000000002,0.0,STRATEGY
2016-11-15,IC1611.CFE,SELL,9,6580.0,11844000.0,2724.12,460080.00000000064,STRATEGY
2016-11-15,IC1612.CFE,BUY,9,6532.8,11759040.0,2704.5792,0.0,STRATEGY
2016-12-05,IC1612.CFE,BUY,1,6395.0,1279000.0,294.17,0.0,STRATEGY
2016-12-06,IC1612.CFE,SELL,1,6451.6,1290320.0,296.7736,-13484.000000000015,STRATEGY
2016-12-13,IC1612.CFE,SELL,9,6188.6,11139480.0,2562.0804000000003,-594756.0000000001,STRATEGY
2016-12-13,IC1701.CFE,BUY,10,6080.4,12160800.0,2796.984,0.0,STRATEGY
2017-01-17,IC1701.CFE,SELL,10,5998.0,11996000.0,2759.08,-164799.99999999927,STRATEGY
2017-01-17,IC1702.CFE,BUY,10,5921.0,11842000.0,2723.6600000000003,0.0,STRATEGY
2017-02-14,IC1702.CFE,SELL,10,6338.8,12677600.0,2915.848,835600.0000000003,STRATEGY
2017-02-14,IC1703.CFE,BUY,10,6252.6,12505200.0,2876.196,0.0,STRATEGY
2017-03-14,IC1703.CFE,SELL,10,6487.2,12974400.0,2984.112,469199.9999999989,STRATEGY
2017-03-14,IC1704.CFE,BUY,10,6394.4,12788800.0,2941.424,0.0,STRATEGY
2017-04-18,IC1704.CFE,SELL,10,6455.0,12910000.0,2969.3,121200.00000000073,STRATEGY
2017-04-18,IC1705.CFE,BUY,10,6401.0,12802000.0,2944.46,0.0,STRATEGY
2017-05-16,IC1705.CFE,SELL,10,5865.0,11730000.0,2697.9,-1072000.0,STRATEGY
2017-05-16,IC1706.CFE,BUY,10,5819.8,11639600.0,2677.108,0.0,STRATEGY
2017-06-13,IC1706.CFE,SELL,10,5882.2,11764400.0,2705.812,124799.99999999927,STRATEGY
2017-06-13,IC1707.CFE,BUY,10,5840.2,11680400.0,2686.492,0.0,STRATEGY
2017-07-18,IC1707.CFE,SELL,10,5825.0,11650000.0,2679.5,-30399.999999999636,STRATEGY
2017-07-18,IC1708.CFE,BUY,10,5820.0,11640000.0,2677.2000000000003,0.0,STRATEGY
2017-08-15,IC1708.CFE,SELL,10,6283.2,12566400.0,2890.272,926399.9999999997,STRATEGY
2017-08-15,IC1709.CFE,BUY,10,6237.8,12475600.0,2869.388,0.0,STRATEGY
2017-09-12,IC1709.CFE,SELL,10,6671.2,13342400.0,3068.752,866799.9999999993,STRATEGY
2017-09-12,IC1710.CFE,BUY,10,6622.0,13244000.0,3046.12,0.0,STRATEGY
2017-10-17,IC1710.CFE,SELL,10,6600.0,13200000.0,3036.0,-44000.0,STRATEGY
2017-10-17,IC1711.CFE,BUY,10,6567.8,13135600.0,3021.188,0.0,STRATEGY
2017-11-14,IC1711.CFE,SELL,10,6642.0,13284000.0,3055.32,148399.99999999965,STRATEGY
2017-11-14,IC1712.CFE,BUY,10,6609.8,13219600.0,3040.5080000000003,0.0,STRATEGY
2017-11-20,IC1712.CFE,BUY,1,6325.2,1265040.0,290.9592,0.0,STRATEGY
2017-11-21,IC1712.CFE,SELL,1,6389.2,1277840.0,293.9032,-38945.454545454595,STRATEGY
2017-11-24,IC1712.CFE,BUY,1,6208.2,1241640.0,285.5772,0.0,STRATEGY
2017-12-07,IC1712.CFE,SELL,1,6129.0,1225800.0,281.934,-84154.049586777,STRATEGY
2017-12-08,IC1712.CFE,BUY,1,6088.6,1217720.0,280.0756,0.0,STRATEGY
2017-12-11,IC1712.CFE,SELL,1,6198.2,1239640.0,285.1172,-61929.135987979134,STRATEGY
2017-12-12,IC1712.CFE,SELL,10,6260.0,12520000.0,2879.6,-495691.359879791,STRATEGY
2017-12-12,IC1801.CFE,BUY,11,6235.0,13717000.0,3154.9100000000003,0.0,STRATEGY
2018-01-02,IC1801.CFE,SELL,1,6293.0,1258600.0,289.478,11600.0,STRATEGY
2018-01-03,IC1801.CFE,BUY,1,6350.0,1270000.0,292.1,0.0,STRATEGY
2018-01-16,IC1801.CFE,SELL,11,6261.2,13774640.0,3168.1672000000003,34640.00000000051,STRATEGY
2018-01-16,IC1802.CFE,BUY,11,6254.0,13758800.0,3164.524,0.0,STRATEGY
2018-02-07,IC1802.CFE,SELL,1,5805.2,1161040.0,267.0392,-89760.00000000003,STRATEGY
2018-02-08,IC1802.CFE,BUY,1,5689.0,1137800.0,261.694,0.0,STRATEGY
2018-02-12,IC1802.CFE,SELL,11,5595.0,12309000.0,2831.07,-1336800.0000000007,STRATEGY
2018-02-12,IC1803.CFE,BUY,11,5528.0,12161600.0,2797.168,0.0,STRATEGY
2018-03-13,IC1803.CFE,SELL,11,6274.6,13804120.000000002,3174.9476000000004,1642520.0000000007,STRATEGY
2018-03-13,IC1804.CFE,BUY,11,6236.4,13720079.999999998,3155.6184,0.0,STRATEGY
2018-04-17,IC1804.CFE,SELL,11,6008.8,13219360.0,3040.4528,-500719.9999999988,STRATEGY
2018-04-17,IC1805.CFE,BUY,11,5949.4,13088679.999999998,3010.3963999999996,0.0,STRATEGY
2018-05-15,IC1805.CFE,SELL,11,5976.6,13148520.000000002,3024.1596000000004,59840.0000000016,STRATEGY
2018-05-15,IC1806.CFE,BUY,11,5928.0,13041600.0,2999.568,0.0,STRATEGY
2018-06-12,IC1806.CFE,SELL,11,5642.4,12413279.999999998,2855.0543999999995,-628320.0000000008,STRATEGY
2018-06-12,IC1807.CFE,BUY,11,5613.8,12350360.0,2840.5828,0.0,STRATEGY
2018-07-17,IC1807.CFE,SELL,11,5199.0,11437800.0,2630.694,-912560.0000000003,STRATEGY
2018-07-17,IC1808.CFE,BUY,11,5149.2,11328240.0,2605.4952000000003,0.0,STRATEGY
2018-08-14,IC1808.CFE,SELL,11,5046.4,11102079.999999998,2553.4783999999995,-226160.0000000004,STRATEGY
2018-08-14,IC1809.CFE,BUY,11,5006.0,11013200.0,2533.036,0.0,STRATEGY
2018-09-18,IC1809.CFE,SELL,11,4588.6,10094920.000000002,2321.8316000000004,-918279.9999999992,STRATEGY
2018-09-18,IC1810.CFE,BUY,11,4550.0,10010000.0,2302.3,0.0,STRATEGY
2018-10-08,IC1810.CFE,BUY,1,4722.0,944400.0,217.21200000000002,0.0,STRATEGY
2018-10-09,IC1810.CFE,SELL,1,4664.2,932840.0,214.5532,19973.333333333358,STRATEGY
2018-10-11,IC1810.CFE,BUY,1,4499.0,899800.0,206.954,0.0,STRATEGY
2018-10-12,IC1810.CFE,SELL,1,4281.6,856320.0000000001,196.95360000000002,-55457.777777777665,STRATEGY
2018-10-16,IC1810.CFE,SELL,11,4185.2,9207440.0,2117.7112,-822115.5555555555,STRATEGY
2018-10-16,IC1811.CFE,BUY,12,4153.4,9968160.0,2292.6768,0.0,STRATEGY
2018-10-17,IC1811.CFE,SELL,1,4120.0,824000.0,189.52,-6679.999999999927,STRATEGY
2018-10-18,IC1811.CFE,BUY,1,4068.6,813720.0,187.1556,0.0,STRATEGY
2018-10-22,IC1811.CFE,SELL,1,4150.0,830000.0,190.9,733.333333333394,STRATEGY
2018-10-24,IC1811.CFE,BUY,1,4218.6,843720.0000000001,194.05560000000003,0.0,STRATEGY
2018-10-26,IC1811.CFE,SELL,1,4249.8,849960.0,195.4908,19488.88888888905,STRATEGY
2018-10-29,IC1811.CFE,BUY,1,4206.4,841279.9999999999,193.49439999999998,0.0,STRATEGY
2018-10-31,IC1811.CFE,SELL,1,4202.6,840520.0000000001,193.31960000000004,9148.148148148357,STRATEGY
2018-11-05,IC1811.CFE,BUY,1,4421.2,884240.0,203.3752,0.0,STRATEGY
2018-11-07,IC1811.CFE,SELL,1,4443.0,888600.0,204.37800000000001,52822.46913580257,STRATEGY
2018-11-09,IC1811.CFE,BUY,1,4347.8,869560.0,199.99880000000002,0.0,STRATEGY
2018-11-13,IC1811.CFE,SELL,12,4440.0,10656000.0,2450.88,592887.1604938271,STRATEGY
2018-11-13,IC1812.CFE,BUY,12,4430.0,10632000.0,2445.36,0.0,STRATEGY
2018-11-15,IC1812.CFE,SELL,1,4549.2,909840.0,209.2632,23839.999999999964,STRATEGY
2018-11-19,IC1812.CFE,BUY,1,4657.0,931400.0,214.222,0.0,STRATEGY
2018-11-22,IC1812.CFE,SELL,1,4550.0,910000.0,209.3,20216.666666666606,STRATEGY
2018-11-23,IC1812.CFE,BUY,1,4514.0,902800.0,207.644,0.0,STRATEGY
2018-11-27,IC1812.CFE,SELL,1,4347.6,869520.0000000001,199.98960000000002,-21348.055555555584,STRATEGY
2018-11-30,IC1812.CFE,BUY,1,4303.6,860720.0000000001,197.96560000000002,0.0,STRATEGY
2018-12-03,IC1812.CFE,SELL,1,4488.6,897720.0000000001,206.47560000000004,9364.282407407336,STRATEGY
2018-12-04,IC1812.CFE,BUY,1,4458.8,891760.0,205.1048,0.0,STRATEGY
2018-12-07,IC1812.CFE,SELL,1,4408.6,881720.0000000001,202.79560000000004,-6919.407793209939,STRATEGY
2018-12-10,IC1812.CFE,BUY,1,4362.2,872440.0,200.6612,0.0,STRATEGY
2018-12-12,IC1812.CFE,SELL,1,4401.0,880200.0,202.446,-7089.4571437756895,STRATEGY
2018-12-13,IC1812.CFE,BUY,1,4384.8,876960.0,201.70080000000002,0.0,STRATEGY
2018-12-18,IC1812.CFE,SELL,12,4305.0,10332000.0,2376.36,-305144.02858153265,STRATEGY
2018-12-18,IC1901.CFE,BUY,12,4279.0,10269600.0,2362.0080000000003,0.0,STRATEGY
2018-12-27,IC1901.CFE,SELL,1,4258.2,851640.0,195.87720000000002,-4160.000000000036,STRATEGY
2018-12-28,IC1901.CFE,BUY,1,4143.0,828600.0,190.578,0.0,STRATEGY
2019-01-15,IC1901.CFE,SELL,12,4291.4,10299360.0,2368.8528,56959.9999999984,STRATEGY
2019-01-15,IC1902.CFE,BUY,12,4266.0,10238400.0,2354.832,0.0,STRATEGY
2019-02-12,IC1902.CFE,SELL,12,4398.8,10557120.000000002,2428.1376000000005,318720.00000000047,STRATEGY
2019-02-12,IC1903.CFE,BUY,12,4410.0,10584000.0,2434.32,0.0,STRATEGY
2019-02-25,IC1903.CFE,SELL,1,4872.4,974479.9999999999,224.13039999999998,92479.99999999993,STRATEGY
2019-02-26,IC1903.CFE,BUY,1,5100.0,1020000.0,234.6,0.0,STRATEGY
2019-03-01,IC1903.CFE,SELL,1,5070.6,1014120.0000000001,233.24760000000003,120620.00000000007,STRATEGY
2019-03-05,IC1903.CFE,BUY,1,5146.4,1029279.9999999999,236.7344,0.0,STRATEGY
2019-03-06,IC1903.CFE,SELL,1,5317.0,1063400.0,244.582,158585.00000000003,STRATEGY
2019-03-08,IC1903.CFE,BUY,1,5318.0,1063600.0,244.62800000000001,0.0,STRATEGY
2019-03-12,IC1903.CFE,SELL,12,5491.2,13178879.999999998,3031.1423999999997,2162315.0,STRATEGY
2019-03-12,IC1904.CFE,BUY,11,5500.0,12100000.0,2783.0,0.0,STRATEGY
2019-03-14,IC1904.CFE,BUY,1,5371.0,1074200.0,247.066,0.0,STRATEGY
2019-03-15,IC1904.CFE,SELL,1,5315.2,1063040.0,244.4992,-34810.00000000004,STRATEGY
2019-03-19,IC1904.CFE,BUY,1,5498.2,1099640.0,252.9172,0.0,STRATEGY
2019-03-21,IC1904.CFE,SELL,1,5485.0,1097000.0,252.31,-999.1666666666788,STRATEGY
2019-03-22,IC1904.CFE,BUY,1,5560.4,1112080.0,255.7784,0.0,STRATEGY
2019-03-26,IC1904.CFE,SELL,1,5555.0,1111000.0,255.53,11827.430555555475,STRATEGY
2019-03-27,IC1904.CFE,BUY,1,5389.0,1077800.0,247.894,0.0,STRATEGY
2019-04-01,IC1904.CFE,SELL,1,5574.8,1114960.0,256.4408,17568.47800925916,STRATEGY
2019-04-03,IC1904.CFE,BUY,1,5716.0,1143200.0,262.93600000000004,0.0,STRATEGY
2019-04-04,IC1904.CFE,SELL,1,5858.0,1171600.0,269.468,70391.10484182092,STRATEGY
2019-04-09,IC1904.CFE,BUY,1,5795.0,1159000.0,266.57,0.0,STRATEGY
2019-04-15,IC1904.CFE,SELL,1,5788.8,1157760.0,266.2848,51735.179438335945,STRATEGY
2019-04-16,IC1904.CFE,SELL,11,5596.6,12312520.000000002,2831.8796000000007,146246.97382169578,STRATEGY
2019-04-16,IC1905.CFE,BUY,12,5555.0,13332000.0,3066.36,0.0,STRATEGY
2019-05-07,IC1905.CFE,SELL,1,4887.6,977520.0000000001,224.82960000000003,-133479.99999999994,STRATEGY
2019-05-08,IC1905.CFE,BUY,1,4827.0,965400.0,222.042,0.0,STRATEGY
2019-05-14,IC1905.CFE,SELL,12,4930.2,11832479.999999998,2721.4703999999997,-1353919.9999999998,STRATEGY
2019-05-14,IC1906.CFE,BUY,12,4859.8,11663520.000000002,2682.6096000000007,0.0,STRATEGY
2019-06-18,IC1906.CFE,SELL,12,4794.0,11505600.0,2646.288,-157920.00000000044,STRATEGY
2019-06-18,IC1907.CFE,BUY,12,4700.4,11280960.0,2594.6208,0.0,STRATEGY
2019-07-16,IC1907.CFE,SELL,12,4898.2,11755679.999999998,2703.8063999999995,474720.00000000047,STRATEGY
2019-07-16,IC1908.CFE,BUY,12,4824.0,11577600.0,2662.848,0.0,STRATEGY
2019-08-02,IC1908.CFE,BUY,1,4730.2,946040.0,217.5892,0.0,STRATEGY
2019-08-05,IC1908.CFE,SELL,1,4754.8,950960.0,218.7208,-12396.92307692294,STRATEGY
2019-08-06,IC1908.CFE,BUY,1,4648.0,929600.0,213.808,0.0,STRATEGY
2019-08-07,IC1908.CFE,SELL,1,4650.0,930000.0,213.9,-30760.236686390454,STRATEGY
2019-08-13,IC1908.CFE,SELL,12,4651.0,11162400.0,2567.352,-366722.8402366855,STRATEGY
2019-08-13,IC1909.CFE,BUY,12,4584.8,11003520.000000002,2530.8096000000005,0.0,STRATEGY
2019-08-15,IC1909.CFE,BUY,1,4540.0,908000.0,208.84,0.0,STRATEGY
2019-08-16,IC1909.CFE,SELL,1,4655.0,931000.0,214.13,14729.230769230708,STRATEGY
2019-08-26,IC1909.CFE,BUY,1,4762.8,952560.0,219.08880000000002,0.0,STRATEGY
2019-08-27,IC1909.CFE,SELL,1,4842.0,968400.0,222.732,49337.75147928991,STRATEGY
2019-09-17,IC1909.CFE,SELL,12,5224.0,12537600.0,2883.648,1508853.0177514788,STRATEGY
2019-09-17,IC1910.CFE,BUY,13,5196.2,13510119.999999998,3107.3275999999996,0.0,STRATEGY
2019-09-18,IC1910.CFE,SELL,1,5121.0,1024200.0,235.566,-15039.999999999964,STRATEGY
2019-09-25,IC1910.CFE,BUY,1,5112.0,1022400.0,235.15200000000002,0.0,STRATEGY
2019-09-26,IC1910.CFE,SELL,1,5067.6,1013520.0000000001,233.10960000000003,-24424.61538461521,STRATEGY
2019-09-30,IC1910.CFE,BUY,1,4976.4,995279.9999999999,228.91439999999997,0.0,STRATEGY
2019-10-10,IC1910.CFE,SELL,1,4964.4,992879.9999999999,228.36239999999998,-41782.721893491,STRATEGY
2019-10-15,IC1910.CFE,SELL,12,5093.6,12224640.0,2811.6672,-191312.66272189023,STRATEGY
2019-10-15,IC1911.CFE,BUY,13,5049.8,13129480.000000002,3019.7804000000006,0.0,STRATEGY
2019-10-22,IC1911.CFE,SELL,1,4920.0,984000.0,226.32,-25960.000000000036,STRATEGY
2019-10-23,IC1911.CFE,BUY,1,4950.0,990000.0,227.70000000000002,0.0,STRATEGY
2019-10-28,IC1911.CFE,SELL,1,5031.0,1006200.0,231.42600000000002,-2224.61538461539,STRATEGY
2019-10-29,IC1911.CFE,BUY,1,5044.0,1008800.0,232.024,0.0,STRATEGY
2019-11-08,IC1911.CFE,SELL,1,5030.0,1006000.0,231.38,-2453.491124260472,STRATEGY
2019-11-11,IC1911.CFE,BUY,1,4940.0,988000.0,227.24,0.0,STRATEGY
2019-11-12,IC1911.CFE,SELL,13,4872.6,12668760.0,2913.8148,-420681.8934911249,STRATEGY
2019-11-12,IC1912.CFE,BUY,13,4811.2,12509120.0,2877.0976,0.0,STRATEGY
2019-12-17,IC1912.CFE,SELL,13,5169.0,13439400.0,3091.062,930280.0000000005,STRATEGY
2019-12-17,IC2001.CFE,BUY,13,5148.0,13384800.0,3078.504,0.0,STRATEGY
2020-01-14,IC2001.CFE,SELL,13,5589.8,14533480.000000002,3342.7004000000006,1148680.0000000005,STRATEGY
2020-01-14,IC2002.CFE,BUY,13,5585.8,14523080.000000002,3340.3084000000003,0.0,STRATEGY
2020-02-03,IC2002.CFE,BUY,1,4805.4,961079.9999999999,221.0484,0.0,STRATEGY
2020-02-04,IC2002.CFE,SELL,1,4900.0,980000.0,225.4,-126011.42857142858,STRATEGY
2020-02-18,IC2002.CFE,SELL,13,5590.4,14535040.0,3343.0592,156891.42857142742,STRATEGY
2020-02-18,IC2003.CFE,BUY,13,5580.0,14508000.0,3336.84,0.0,STRATEGY
2020-03-17,IC2003.CFE,SELL,13,5296.0,13769600.0,3167.0080000000003,-738400.0,STRATEGY
2020-03-17,IC2004.CFE,BUY,13,5200.0,13520000.0,3109.6,0.0,STRATEGY
2020-04-14,IC2004.CFE,SELL,13,5180.0,13468000.0,3097.64,-52000.0,STRATEGY
2020-04-14,IC2005.CFE,BUY,13,5110.0,13286000.0,3055.78,0.0,STRATEGY
2020-05-12,IC2005.CFE,SELL,13,5465.0,14209000.0,3268.07,923000.0,STRATEGY
2020-05-12,IC2006.CFE,BUY,13,5392.0,14019200.0,3224.416,0.0,STRATEGY
2020-06-16,IC2006.CFE,SELL,13,5620.0,14612000.0,3360.76,592800.0,STRATEGY
2020-06-16,IC2007.CFE,BUY,13,5550.0,14430000.0,3318.9,0.0,STRATEGY
2020-07-14,IC2007.CFE,SELL,13,6880.4,17889040.0,4114.4792,3459039.9999999995,STRATEGY
2020-07-14,IC2008.CFE,BUY,13,6841.8,17788680.0,4091.3964,0.0,STRATEGY
2020-08-18,IC2008.CFE,SELL,13,6725.0,17485000.0,4021.55,-303680.00000000047,STRATEGY
2020-08-18,IC2009.CFE,BUY,14,6632.2,18570160.0,4271.1368,0.0,STRATEGY
2020-08-21,IC2009.CFE,SELL,1,6540.0,1308000.0,300.84000000000003,-18439.999999999964,STRATEGY
2020-08-25,IC2009.CFE,BUY,1,6566.0,1313200.0,302.036,0.0,STRATEGY
2020-08-31,IC2009.CFE,SELL,1,6705.0,1341000.0,308.43,15505.714285714384,STRATEGY
2020-09-01,IC2009.CFE,BUY,1,6595.0,1319000.0,303.37,0.0,STRATEGY
2020-09-02,IC2009.CFE,SELL,1,6685.0,1337000.0,307.51,11969.591836734799,STRATEGY
2020-09-03,IC2009.CFE,BUY,1,6611.0,1322200.0,304.106,0.0,STRATEGY
2020-09-15,IC2009.CFE,SELL,14,6326.0,17712800.0,4073.944,-834795.3061224478,STRATEGY
2020-09-15,IC2010.CFE,BUY,14,6252.6,17507280.0,4026.6744000000003,0.0,STRATEGY
2020-10-09,IC2010.CFE,SELL,1,6290.0,1258000.0,289.34000000000003,7479.999999999927,STRATEGY
2020-10-12,IC2010.CFE,BUY,1,6385.0,1277000.0,293.71000000000004,0.0,STRATEGY
2020-10-13,IC2010.CFE,SELL,14,6530.0,18284000.0,4205.32,750239.9999999998,STRATEGY
2020-10-13,IC2011.CFE,BUY,14,6457.8,18081840.0,4158.8232,0.0,STRATEGY
2020-11-17,IC2011.CFE,SELL,14,6347.6,17773280.0,4087.8544,-308559.9999999995,STRATEGY
2020-11-17,IC2012.CFE,BUY,14,6289.8,17611440.0,4050.6312000000003,0.0,STRATEGY
2020-12-15,IC2012.CFE,SELL,14,6240.0,17472000.0,4018.56,-139440.00000000052,STRATEGY
2020-12-15,IC2101.CFE,BUY,14,6189.4,17330320.0,3985.9736000000003,0.0,STRATEGY
2021-01-12,IC2101.CFE,SELL,14,6431.0,18006800.0,4141.564,676480.000000001,STRATEGY
2021-01-12,IC2102.CFE,BUY,14,6367.4,17828720.0,4100.6056,0.0,STRATEGY
2021-02-09,IC2102.CFE,SELL,14,6333.6,17734080.0,4078.8384,-94639.99999999796,STRATEGY
2021-02-09,IC2103.CFE,BUY,14,6270.0,17556000.0,4037.88,0.0,STRATEGY
2021-03-16,IC2103.CFE,SELL,14,6179.6,17302880.0,3979.6624,-253119.99999999898,STRATEGY
2021-03-16,IC2104.CFE,BUY,14,6135.2,17178560.0,3951.0688,0.0,STRATEGY
2021-03-17,IC2104.CFE,BUY,1,6113.8,1222760.0,281.2348,0.0,STRATEGY
2021-03-18,IC2104.CFE,SELL,1,6183.2,1236640.0,284.4272,9885.333333333256,STRATEGY
2021-03-19,IC2104.CFE,BUY,1,6147.0,1229400.0,282.762,0.0,STRATEGY
2021-03-22,IC2104.CFE,SELL,1,6174.0,1234800.0,284.004,7868.977777777582,STRATEGY
2021-03-23,IC2104.CFE,BUY,1,6246.0,1249200.0,287.31600000000003,0.0,STRATEGY
2021-03-26,IC2104.CFE,SELL,1,6168.0,1233600.0,283.728,5184.379259259003,STRATEGY
2021-03-29,IC2104.CFE,BUY,1,6233.6,1246720.0,286.7456,0.0,STRATEGY
2021-04-01,IC2104.CFE,SELL,1,6239.4,1247880.0,287.0124,18244.08730864161,STRATEGY
2021-04-02,IC2104.CFE,BUY,1,6281.2,1256240.0,288.9352,0.0,STRATEGY
2021-04-06,IC2104.CFE,SELL,1,6319.8,1263960.0,290.7108,32550.481488065634,STRATEGY
2021-04-08,IC2104.CFE,BUY,1,6300.0,1260000.0,289.8,0.0,STRATEGY
2021-04-13,IC2104.CFE,SELL,15,6217.2,18651600.0,4289.868,151866.74083291655,STRATEGY
2021-04-13,IC2105.CFE,BUY,15,6164.8,18494400.0,4253.712,0.0,STRATEGY
2021-05-18,IC2105.CFE,SELL,15,6575.2,19725600.0,4536.888,1231199.9999999988,STRATEGY
2021-05-18,IC2106.CFE,BUY,15,6530.0,19590000.0,4505.7,0.0,STRATEGY
2021-06-15,IC2106.CFE,SELL,15,6733.0,20199000.0,4645.77,609000.0,STRATEGY
2021-06-15,IC2107.CFE,BUY,15,6668.8,20006400.0,4601.472,0.0,STRATEGY
2021-07-13,IC2107.CFE,SELL,15,6864.8,20594400.0,4736.712,588000.0,STRATEGY
2021-07-13,IC2108.CFE,BUY,15,6819.0,20457000.0,4705.110000000001,0.0,STRATEGY
2021-08-17,IC2108.CFE,SELL,15,7036.8,21110400.0,4855.392,653400.0000000006,STRATEGY
2021-08-17,IC2109.CFE,BUY,15,6972.2,20916600.0,4810.818,0.0,STRATEGY
2021-09-14,IC2109.CFE,SELL,15,7573.2,22719600.0,5225.508,1803000.0,STRATEGY
2021-09-14,IC2110.CFE,BUY,15,7518.0,22554000.0,5187.42,0.0,STRATEGY
2021-10-12,IC2110.CFE,SELL,15,7062.6,21187800.0,4873.194,-1366199.9999999988,STRATEGY
2021-10-12,IC2111.CFE,BUY,15,7020.0,21060000.0,4843.8,0.0,STRATEGY
2021-11-16,IC2111.CFE,SELL,15,7088.4,21265200.0,4890.996,205199.9999999989,STRATEGY
2021-11-16,IC2112.CFE,BUY,15,7074.2,21222600.0,4881.198,0.0,STRATEGY
2021-12-14,IC2112.CFE,SELL,15,7322.8,21968400.0,5052.732,745800.000000001,STRATEGY
2021-12-14,IC2201.CFE,BUY,15,7281.6,21844800.0,5024.304,0.0,STRATEGY
2022-01-18,IC2201.CFE,SELL,15,7165.6,21496800.0,4944.264,-348000.0,STRATEGY
2022-01-18,IC2202.CFE,BUY,15,7144.8,21434400.0,4929.912,0.0,STRATEGY
2022-02-15,IC2202.CFE,SELL,15,6710.0,20130000.0,4629.900000000001,-1304400.0000000005,STRATEGY
2022-02-15,IC2203.CFE,BUY,15,6705.0,20115000.0,4626.45,0.0,STRATEGY
2022-03-09,IC2203.CFE,BUY,1,6422.4,1284480.0,295.4304,0.0,STRATEGY
2022-03-10,IC2203.CFE,SELL,1,6409.0,1281800.0,294.814,-55667.49999999993,STRATEGY
2022-03-11,IC2203.CFE,BUY,1,6300.0,1260000.0,289.8,0.0,STRATEGY
2022-03-15,IC2203.CFE,SELL,16,6261.0,20035200.0,4608.0960000000005,-1286812.5,STRATEGY
2022-03-15,IC2204.CFE,BUY,16,6236.0,19955200.0,4589.696,0.0,STRATEGY
2022-03-16,IC2204.CFE,SELL,1,5986.8,1197360.0,275.3928,-49839.99999999996,STRATEGY
2022-03-18,IC2204.CFE,BUY,1,6201.2,1240240.0,285.2552,0.0,STRATEGY
2022-03-23,IC2204.CFE,SELL,1,6325.0,1265000.0,290.95,18235.000000000036,STRATEGY
2022-03-24,IC2204.CFE,BUY,1,6327.2,1265440.0,291.0512,0.0,STRATEGY
2022-03-29,IC2204.CFE,SELL,1,6260.0,1252000.0,287.96000000000004,4067.8125000000364,STRATEGY
2022-03-31,IC2204.CFE,BUY,1,6358.0,1271600.0,292.468,0.0,STRATEGY
2022-04-12,IC2204.CFE,SELL,16,6003.2,19210240.0,4418.3552,-780342.8125000006,STRATEGY
2022-04-12,IC2205.CFE,BUY,16,5961.0,19075200.0,4387.296,0.0,STRATEGY
2022-04-29,IC2205.CFE,SELL,1,5434.0,1086800.0,249.964,-105400.0,STRATEGY
2022-05-05,IC2205.CFE,BUY,1,5597.6,1119520.0,257.4896,0.0,STRATEGY
2022-05-13,IC2205.CFE,SELL,1,5747.4,1149480.0,264.3804,-38177.500000000146,STRATEGY
2022-05-17,IC2205.CFE,SELL,15,5750.2,17250600.0,3967.638,-564262.5000000016,STRATEGY
2022-05-17,IC2206.CFE,BUY,16,5709.4,18270080.0,4202.1184,0.0,STRATEGY
2022-06-14,IC2206.CFE,SELL,16,6160.0,19712000.0,4533.76,1441920.0000000012,STRATEGY
2022-06-14,IC2207.CFE,BUY,16,6122.4,19591680.0,4506.0864,0.0,STRATEGY
2022-07-12,IC2207.CFE,SELL,16,6305.0,20176000.0,4640.4800000000005,584320.0000000012,STRATEGY
2022-07-12,IC2208.CFE,BUY,16,6263.2,20042240.0,4609.715200000001,0.0,STRATEGY
2022-08-16,IC2208.CFE,SELL,16,6426.2,20563840.0,4729.6832,521600.0,STRATEGY
2022-08-16,IC2209.CFE,BUY,16,6409.0,20508800.0,4717.024,0.0,STRATEGY
2022-09-13,IC2209.CFE,SELL,16,6325.0,20240000.0,4655.2,-268800.0,STRATEGY
2022-09-13,IC2210.CFE,BUY,16,6294.4,20142080.0,4632.6784,0.0,STRATEGY
2022-10-18,IC2210.CFE,SELL,16,6022.6,19272320.0,4432.6336,-869759.9999999977,STRATEGY
2022-10-18,IC2211.CFE,BUY,16,6004.0,19212800.0,4418.944,0.0,STRATEGY
2022-11-15,IC2211.CFE,SELL,16,6133.0,19625600.0,4513.888,412800.0,STRATEGY
2022-11-15,IC2212.CFE,BUY,16,6132.8,19624960.0,4513.7408000000005,0.0,STRATEGY
2022-12-13,IC2212.CFE,SELL,16,6172.4,19751680.0,4542.8864,126719.99999999825,STRATEGY
2022-12-13,IC2301.CFE,BUY,16,6170.0,19744000.0,4541.12,0.0,STRATEGY
2023-01-17,IC2301.CFE,SELL,16,6143.0,19657600.0,4521.2480000000005,-86400.0,STRATEGY
2023-01-17,IC2302.CFE,BUY,16,6144.8,19663360.0,4522.5728,0.0,STRATEGY
2023-02-14,IC2302.CFE,SELL,16,6384.6,20430720.0,4699.0656,767360.0000000006,STRATEGY
2023-02-14,IC2303.CFE,BUY,16,6369.8,20383360.0,4688.1728,0.0,STRATEGY
2023-03-14,IC2303.CFE,SELL,16,6234.2,19949440.0,4588.3712000000005,-433920.00000000116,STRATEGY
2023-03-14,IC2304.CFE,BUY,16,6219.4,19902080.0,4577.4784,0.0,STRATEGY
2023-04-18,IC2304.CFE,SELL,16,6453.4,20650880.0,4749.7024,748800.0,STRATEGY
2023-04-18,IC2305.CFE,BUY,16,6437.2,20599040.0,4737.7792,0.0,STRATEGY
2023-05-16,IC2305.CFE,SELL,16,6148.0,19673600.0,4524.928,-925439.9999999994,STRATEGY
2023-05-16,IC2306.CFE,BUY,16,6131.2,19619840.0,4512.5632000000005,0.0,STRATEGY
2023-06-13,IC2306.CFE,SELL,16,6010.8,19234560.0,4423.9488,-385279.99999999884,STRATEGY
2023-06-13,IC2307.CFE,BUY,16,5987.4,19159680.0,4406.7264000000005,0.0,STRATEGY
2023-07-18,IC2307.CFE,SELL,16,6007.6,19224320.0,4421.5936,64640.00000000233,STRATEGY
2023-07-18,IC2308.CFE,BUY,16,6003.8,19212160.0,4418.7968,0.0,STRATEGY
2023-08-15,IC2308.CFE,SELL,16,5923.2,18954240.0,4359.4752,-257920.00000000116,STRATEGY
2023-08-15,IC2309.CFE,BUY,16,5935.0,18992000.0,4368.16,0.0,STRATEGY
2023-08-28,IC2309.CFE,SELL,1,5903.0,1180600.0,271.538,-6400.0,STRATEGY
2023-08-29,IC2309.CFE,BUY,1,5640.0,1128000.0,259.44,0.0,STRATEGY
2023-09-12,IC2309.CFE,SELL,16,5765.8,18450560.0,4243.6288,-482439.9999999994,STRATEGY
2023-09-12,IC2310.CFE,BUY,16,5768.8,18460160.0,4245.8368,0.0,STRATEGY
2023-10-17,IC2310.CFE,SELL,16,5591.8,17893760.0,4115.5648,-566400.0,STRATEGY
2023-10-17,IC2311.CFE,BUY,16,5600.2,17920640.0,4121.7472,0.0,STRATEGY
2023-11-14,IC2311.CFE,SELL,16,5588.0,17881600.0,4112.768,-39039.99999999942,STRATEGY
2023-11-14,IC2312.CFE,BUY,16,5587.0,17878400.0,4112.032,0.0,STRATEGY
2023-12-12,IC2312.CFE,SELL,16,5548.8,17756160.0,4083.9168,-122239.99999999942,STRATEGY
2023-12-12,IC2401.CFE,BUY,16,5538.0,17721600.0,4075.9680000000003,0.0,STRATEGY
2024-01-16,IC2401.CFE,SELL,16,5175.2,16560640.0,3808.9472,-1160960.0000000005,STRATEGY
2024-01-16,IC2402.CFE,BUY,16,5148.6,16475520.000000002,3789.3696000000004,0.0,STRATEGY
2024-01-18,IC2402.CFE,BUY,1,4963.2,992640.0,228.3072,0.0,STRATEGY
2024-01-19,IC2402.CFE,SELL,1,4969.0,993800.0,228.574,-33738.82352941182,STRATEGY
2024-01-23,IC2402.CFE,BUY,1,4659.0,931800.0,214.314,0.0,STRATEGY
2024-01-24,IC2402.CFE,SELL,1,4850.4,970079.9999999999,223.11839999999998,-51827.12802768183,STRATEGY
2024-01-30,IC2402.CFE,BUY,1,4856.0,971200.0,223.376,0.0,STRATEGY
2024-02-02,IC2402.CFE,SELL,1,4673.0,934600.0,214.958,-84324.35579075936,STRATEGY
2024-02-05,IC2402.CFE,BUY,1,4475.0,895000.0,205.85,0.0,STRATEGY
2024-02-06,IC2402.CFE,SELL,17,4379.0,14888600.0,3424.378,-2309189.6926521487,STRATEGY
2024-02-06,IC2403.CFE,BUY,17,4279.6,14550640.000000002,3346.6472000000003,0.0,STRATEGY
2024-02-08,IC2403.CFE,SELL,1,5180.0,1036000.0,238.28,180079.99999999994,STRATEGY
2024-02-19,IC2403.CFE,BUY,1,5201.0,1040200.0,239.246,0.0,STRATEGY
2024-03-12,IC2403.CFE,SELL,17,5457.4,18555159.999999996,4267.6867999999995,3820239.999999998,STRATEGY
2024-03-12,IC2404.CFE,BUY,17,5439.8,18495320.0,4253.9236,0.0,STRATEGY
2024-04-16,IC2404.CFE,SELL,17,5323.0,18098200.0,4162.586,-397120.00000000064,STRATEGY
2024-04-16,IC2405.CFE,BUY,17,5300.0,18020000.0,4144.6,0.0,STRATEGY
2024-05-14,IC2405.CFE,SELL,17,5520.0,18768000.0,4316.64,748000.0,STRATEGY
2024-05-14,IC2406.CFE,BUY,17,5485.6,18651040.000000004,4289.739200000001,0.0,STRATEGY
2024-06-18,IC2406.CFE,SELL,17,5206.4,17701759.999999996,4071.4047999999993,-949280.0000000024,STRATEGY
2024-06-18,IC2407.CFE,BUY,17,5170.6,17580040.000000004,4043.409200000001,0.0,STRATEGY
2024-07-16,IC2407.CFE,SELL,17,4861.2,16528079.999999998,3801.4583999999995,-1051960.0000000019,STRATEGY
2024-07-16,IC2408.CFE,BUY,17,4834.6,16437640.000000002,3780.6572000000006,0.0,STRATEGY
2024-08-13,IC2408.CFE,SELL,17,4715.0,16031000.0,3687.13,-406640.0000000012,STRATEGY
2024-08-13,IC2409.CFE,BUY,17,4705.0,15997000.0,3679.31,0.0,STRATEGY
2024-09-13,IC2409.CFE,SELL,17,4505.2,15317679.999999998,3523.0663999999997,-679320.0000000006,STRATEGY
2024-09-13,IC2410.CFE,BUY,17,4480.6,15234040.000000002,3503.8292000000006,0.0,STRATEGY
2024-09-30,IC2410.CFE,SELL,1,5631.0,1126200.0,259.026,230079.99999999994,STRATEGY
2024-10-09,IC2410.CFE,BUY,1,6013.0,1202600.0,276.598,0.0,STRATEGY
2024-10-15,IC2410.CFE,SELL,17,5565.8,18923720.0,4352.4556,3383200.0,STRATEGY
2024-10-15,IC2411.CFE,BUY,17,5572.0,18944800.0,4357.304,0.0,STRATEGY
2024-11-12,IC2411.CFE,SELL,17,6281.2,21356080.0,4911.8984,2411279.9999999995,STRATEGY
2024-11-12,IC2412.CFE,BUY,17,6250.0,21250000.0,4887.5,0.0,STRATEGY
2024-12-17,IC2412.CFE,SELL,17,5901.0,20063400.0,4614.582,-1186600.0,STRATEGY
2024-12-17,IC2501.CFE,BUY,17,5874.0,19971600.0,4593.468,0.0,STRATEGY
2025-01-13,IC2501.CFE,BUY,1,5321.0,1064200.0,244.76600000000002,0.0,STRATEGY
2025-01-14,IC2501.CFE,SELL,18,5401.0,19443600.0,4472.028,-1592199.9999999986,STRATEGY
2025-01-14,IC2502.CFE,BUY,17,5388.4,18320559.999999996,4213.728799999999,0.0,STRATEGY
2025-02-18,IC2502.CFE,SELL,17,5933.8,20174920.0,4640.2316,1854360.000000002,STRATEGY
2025-02-18,IC2503.CFE,BUY,17,5900.6,20062040.000000004,4614.269200000001,0.0,STRATEGY
2025-02-25,IC2503.CFE,BUY,1,5948.0,1189600.0,273.608,0.0,STRATEGY
2025-02-26,IC2503.CFE,SELL,1,5962.4,1192480.0,274.2704,11833.333333333212,STRATEGY
2025-03-04,IC2503.CFE,BUY,1,5810.6,1162120.0,267.2876,0.0,STRATEGY
2025-03-05,IC2503.CFE,SELL,1,5900.0,1180000.0,271.40000000000003,382.5925925924821,STRATEGY
2025-03-11,IC2503.CFE,BUY,1,5906.0,1181200.0,271.676,0.0,STRATEGY
2025-03-12,IC2503.CFE,SELL,1,6028.6,1205720.0,277.3156,26014.67078189289,STRATEGY
2025-03-18,IC2503.CFE,SELL,17,6105.0,20757000.0,4774.110000000001,702009.403292178,STRATEGY
2025-03-18,IC2504.CFE,BUY,18,6046.0,21765600.0,5006.088,0.0,STRATEGY
2025-04-08,IC2504.CFE,SELL,1,5301.0,1060200.0,243.846,-149000.0,STRATEGY
2025-04-09,IC2504.CFE,BUY,1,5200.0,1040000.0,239.20000000000002,0.0,STRATEGY
2025-04-10,IC2504.CFE,SELL,1,5545.0,1109000.0,255.07000000000002,-90800.0,STRATEGY
2025-04-11,IC2504.CFE,BUY,1,5500.0,1100000.0,253.0,0.0,STRATEGY
2025-04-14,IC2504.CFE,SELL,1,5615.6,1123120.0,258.3176,-71135.5555555554,STRATEGY
2025-04-15,IC2504.CFE,SELL,17,5581.0,18975400.0,4364.342000000001,-1326944.444444443,STRATEGY
2025-04-15,IC2505.CFE,BUY,18,5515.8,19856880.0,4567.0824,0.0,STRATEGY
2025-05-07,IC2505.CFE,SELL,1,5818.0,1163600.0,267.628,60439.99999999996,STRATEGY
2025-05-08,IC2505.CFE,BUY,1,5704.6,1140920.0,262.4116,0.0,STRATEGY
2025-05-13,IC2505.CFE,SELL,18,5815.2,20934720.0,4814.9856,1040079.9999999981,STRATEGY
2025-05-13,IC2506.CFE,BUY,18,5705.2,20538720.0,4723.9056,0.0,STRATEGY
2025-06-17,IC2506.CFE,SELL,18,5756.2,20722320.0,4766.1336,183600.0,STRATEGY
2025-06-17,IC2507.CFE,BUY,18,5689.0,20480400.0,4710.492,0.0,STRATEGY
2025-07-15,IC2507.CFE,SELL,18,6000.0,21600000.0,4968.0,1119600.0,STRATEGY
2025-07-15,IC2508.CFE,BUY,19,5953.6,22623680.0,5203.4464,0.0,STRATEGY
2025-07-16,IC2508.CFE,SELL,1,5957.0,1191400.0,274.022,679.9999999999272,STRATEGY
2025-08-12,IC2508.CFE,SELL,18,6372.2,22939920.0,5276.1816,1506959.9999999981,STRATEGY
2025-08-12,IC2509.CFE,BUY,19,6301.0,23943800.0,5507.0740000000005,0.0,STRATEGY
2025-08-21,IC2509.CFE,SELL,1,6703.0,1340600.0,308.338,80400.0,STRATEGY
2025-08-22,IC2509.CFE,BUY,1,6660.2,1332040.0,306.36920000000003,0.0,STRATEGY
2025-08-25,IC2509.CFE,SELL,1,6836.0,1367200.0,314.456,103218.94736842114,STRATEGY
2025-08-26,IC2509.CFE,BUY,1,6886.0,1377200.0,316.75600000000003,0.0,STRATEGY
2025-08-29,IC2509.CFE,SELL,1,6960.0,1392000.0,320.16,122060.05540166207,STRATEGY
2025-09-02,IC2509.CFE,BUY,1,7026.0,1405200.0,323.196,0.0,STRATEGY
2025-09-03,IC2509.CFE,SELL,1,6928.0,1385600.0,318.688,108541.10511736418,STRATEGY
2025-09-04,IC2509.CFE,BUY,1,6818.0,1363600.0,313.628,0.0,STRATEGY
2025-09-05,IC2509.CFE,SELL,1,6667.0,1333400.0,306.682,51786.31011118705,STRATEGY
2025-09-09,IC2509.CFE,BUY,1,6904.0,1380800.0,317.584,0.0,STRATEGY
2025-09-16,IC2509.CFE,SELL,19,7140.0,27132000.0,6240.360000000001,2682153.5820013685,STRATEGY
2025-09-16,IC2510.CFE,BUY,19,7072.0,26873600.0,6180.928,0.0,STRATEGY
2025-10-14,IC2510.CFE,SELL,19,7410.0,28158000.0,6476.34,1284400.0,STRATEGY
2025-10-14,IC2511.CFE,BUY,19,7331.4,27859320.0,6407.6436,0.0,STRATEGY
2025-11-18,IC2511.CFE,SELL,19,7195.6,27343280.0,6288.9544000000005,-516039.9999999972,STRATEGY
2025-11-18,IC2512.CFE,BUY,19,7107.0,27006600.0,6211.518,0.0,STRATEGY
